Type,ID,Customer,Cycle,Weight,Labor,Price,Mold ID,Material,Dye,Additive
Part,0927A,FARNAM,15,7.41,0.5,$0.00 ,927,WELLAMID NY 1599 BLK,R2780,
Part,0927B,HOOSIER,15,7.41,0.5,$0.00 ,927,WELLAMID NY 1599 BLK,R2780,
Part,1074A,GATES,18,39,0.5,$0.00 ,1074,THERMOCOMP RF-100-12 HS BLK,R1410,
Part,1076A,GATES,25,75,0.5,$0.00 ,1076,DELRIN 500T BK602 BLK,R1515,
Part,2802A,POLLAK,14,8,0.33,$0.00 ,2802,VERTON RF-700-10EM HS BLK,R1415,
Part,3117A,GATES,14,32.44,0.5,$0.00 ,3117,THERMOCOMP RF100-12 HS BLK,R1410,
Part,3120A,GATES,41,33.89,0.5,$0.00 ,3120,DELRIN 500T BK602 BLK,R1515,
Part,3426A,GATES,14,26,0.5,$0.00 ,3426,THERMOCOMP RF-100-12 HS BLK,R1410,
Part,3426B,GATES,14,26,0.5,$0.00 ,3426,THERMOCOMP RF-100-12 HS BLK,R1410,
Part,3487A,LEAR,14,22,0.5,$0.00 ,3487,WELLAMID 22LHI6 XE-N NAT.,R2755,
Part,3561A,LEAR,14,9,0.5,$0.00 ,3561,ZYTEL 408 HS BLK,R1650,
Part,3561B,CHOCTAW MFG,14,9,0.5,$0.00 ,3561,Zytel 408 HS BK009,R1650,
Part,3722A,LEAR,12.5,21,0.25,$0.00 ,3722,V-500 TL20 HS NAT.,R2545,
Part,3722B,ALCOA,12.5,21,0.25,$0.00 ,3722,V-500 TL20 HS NAT.,R2545,
Part,3722C,DELPHI AUTOMOTIVE,12.5,21,0.25,$0.00 ,3722,V-500 TL20 HS NAT.,R2545,
Part,3771A,GATES,24,49,0.5,$0.00 ,3771,LUBRILOY PDX R-85514 NAT.,R1400
Part,3893A,GATES,16,35,0.5,$0.00 ,3893,DELRIN 500T BK602 BLK,R1515
Part,4073A,GATES,18,32.62,0.5,$0.00 ,4073,WELLAMID GF60-66/6 X-EN NAT,R2770
Part,4074A,GATES,18,15.71,0.5,$0.00 ,4074,LUBRILOY PDXR-85514 NAT,R1400
Part,4128A,GATES,17,29,0.5,$0.00 ,4128,WELLAMID GF60-66/6 X-EN NAT.,R2770
Part,4245A,GATES,18,48,0.5,$0.00 ,4245,LUBRILOY RL NAT.,R1395
Part,4378A,LEAR,17,34,0.5,$0.00 ,4378,ZYTEL 70G43 BLK,R1647
Part,4379A,LEAR,15,17,0.5,$0.00 ,4379,ZYTEL70G43 BLK,R1647
Part,4380A,LEAR,13,6,0.5,$0.00 ,4380,VALOX 420 -1051 WHITE,R2465
Part,4434A,TRW-AEN,20,75.3,0.5,$0.00 ,4434,NORYL GTX 902 70697 BLK,R2736MA
Part,4434B,TRW-AEN,20,75.3,0.5,$0.00 ,4434,NORYL GTX 902 70697 BLK,R2736MA
Part,4434C,TRW-AEN,20,75.3,0.5,$0.00 ,4434,NORYL GTX 902 70697 BLK,R2736MA
Part,4434D,TRW-AEN,20,75.3,0.5,$0.00 ,4434,NORYL GTX 902 70697 BLK,R2736MA
Part,4434E,TRW-AEN,20,75.3,0.5,$0.00 ,4434,NORYL GTX 902 70697 BLK,R2736MA
Part,4434F,TRW-AEN,20,75.3,0.5,$0.00 ,4434,NORYL GTX 902 70697 BLK,R2736MA
Part,4434G,TRW-AEN,20,75.3,0.5,$0.00 ,4434,NORYL GTX 902 70697 BLK,R2736MA
Part,4434H,TRW-AEN,20,75.3,0.5,$0.00 ,4434,NORYL GTX 902 70697 BLK,R2736MA
Part,4435A,TRW-AEN,20,18.7,0.5,$0.00 ,4435,NORYL GTX 902 70697 BLK,R2736MA
Part,4436A,TRW-AEN,20,84.43,0.5,$0.00 ,4436,NORYL GTX 902 70697 BLK,R2736MA
Part,4571A,TRW-AEN,20,18,0.5,$0.00 ,4571,VALOX 420 SEO NAT.,R2480
Part,4573A,TRW-AEN,25,13.44,1,$0.00 ,4573,CYCOLAC GDT 2510 BLK,R1920
Part,4574A,TRW-AEN,45,162.4,1,$0.00 ,4574,CYCOLAC GDT 2510 BLK,R1920
Part,4575A,TRW-AEN,20,42.65,0.5,$0.00 ,4575,VALOX 420 BK1066,R2475
Part,4575B,TRW-AEN,20,42.05,0.5,$0.00 ,4575,VALOX 420 BK1066,R2475
Part,4575C,TRW-AEN,20,42.65,0.5,$0.00 ,4575,VALOX 420 BK1066,R2475
Part,4626A,TRW-AEN,14,9,0.5,$0.00 ,4626,LEXAN 141P-31537 GREEN,R2135
Part,4626B,TRW-AEN,14,9,0.5,$0.00 ,4626,LEXAN 141P-0R7011T AMBER,R2150
Part,4630A,WILSON COOK,28,8.11,0.5,$0.00 ,4630,LEXAN 121P-WH1164 WHITE,R2100
Part,4630B,WILSON COOK,28,8,0.5,$0.00 ,4630,LEXAN 121P-WH1164 WHITE,R2100
Part,4738A,PRESTOLITE,20,75,0.33,$0.00 ,4738,CRASTIN ST820 BLK,R1465
Part,4739A,PRESTOLITE,22,59,0.33,$0.00 ,4739,CRASTIN ST820 BLK,R1465
Part,4789A,WILSON COOK,18,6,0.5,$0.00 ,4789,LEXAN 121P-WH1164 WHITE,R2100
Part,4800A,GATES,16,18,0.5,$0.00 ,4800,WELLAMID GF60-66/6 X-EN NAT.,R2770
Part,4800B,GATES,23,25,0.5,$0.00 ,4801,Wellamid GF60-66/6 X-EN Nat.,R2770
Part,4801A,GATES,23,25,0.5,$0.00 ,4801,LUBRILOY PDX R-85514 NAT.,R1400
Part,4802A,GATES,18,34,0.5,$0.00 ,4802,LUBRILOY RL NAT.,R1395
Part,4802B,GATES,18,36,0.5,$0.00 ,,DELRIN 500TL NAT.,R1525
Part,4802C,GATES,18,36,0.5,$0.00 ,4802,LUBRILOY RL NAT.,R1395
Part,4856A,WILSON COOK,28,26,0.5,$0.00 ,4856,LEXAN 121P-WH1164 WHITE,R2100
Part,4856B,WILSON COOK,35,33,0.5,$0.00 ,4856,Lexan 121-WH1164 White,R2100
Part,4856C,WILSON COOK,34,30,0.5,$0.00 ,4856,Lexan 121-WH1164 White,R2100
Part,4856D,WILSON COOK,34,33,0.5,$0.00 ,4856,LEXAN 121P-WH1164 WHITE,R2100
Part,4856E,WILSON COOK,32,27,0.5,$0.00 ,4856,LEXAN 121-701 BLK,R2075
Part,4856F,WILSON COOK,30,27,0.5,$0.00 ,4856,LEXAN 121R AZTEC GOLD,R2115MC
Part,4856G,WILSON COOK,30,29.1,0.5,$0.00 ,4856,LEXAN 121P- WH1164 WHITE,R2100
Part,4856H,WILSON COOK,36,27.43,0.5,$0.00 ,4856,LEXAN 121P-WH1164 WHITE,R2100
Part,4856I,WILSON COOK,30,27,0.5,$0.00 ,4856,LEXAN 121R AZTEC GOLD,R2115MC
Part,4856J,WILSON COOK,32,27,0.5,$0.00 ,4856,LEXAN 121-701,R2075
Part,4857A,WILSON COOK,15,6,0.33,$0.00 ,4857,LEXAN 121P-RD2236 RED,R2095
Part,4857B,WILSON COOK,15,6,0.33,$0.00 ,4857,LEXAN 121P-WH1164 WHITE,R2100
Part,4857C,WILSON COOK,15,6,0.33,$0.00 ,4857,LEXAN 121P-BL3157 BLUE,R2080
Part,4857D,WILSON COOK,15,6,0.33,$0.00 ,4857,LEXAN 121P-RD2236 RED,R2095
Part,4857E,WILSON COOK,15,6,0.33,$0.00 ,4857,LEXAN 121P-GN5127 GREEN,R2087
Part,4857F,WILSON COOK,15,6,0.33,$0.00 ,4857,LEXAN 121P-BL3157 BLUE,r2080
Part,4857G,WILSON COOK,15,6,0.33,$0.00 ,4857,Lexan 121-701 Blk,R2075
Part,4857H,WILSON COOK,15,6,0.33,$0.00 ,4857,LEXAN 121P-YW8094 YELLOW,R2110
Part,4857I,WILSON COOK,15,6,0.33,$0.00 ,4857,LEXAN 121P-RD2236 RED,R2095
Part,4857J,WILSON COOK,15,6,0.33,$0.00 ,4857,LEXAN 121P-RD2236 RED,R2095
Part,4857K,WILSON COOK,15,6,0.33,$0.00 ,4857,LEXAN 121P-GN5127 GREEN,R2087
Part,4857L,WILSON COOK,15,6,0.33,$0.00 ,4857,LEXAN 121P-GN4183 GREEN,R2086
Part,4857M,WILSON COOK,15,6,0.33,$0.00 ,4857,LEXAN 121-701 BLACK,R2075
Part,4857N,WILSON COOK,15,6,0.33,$0.00 ,4857,LEXAN 121-701 BLACK,R2075
Part,4857P,WILSON COOK,15,6,0.33,$0.00 ,4857,LEXAN 121R-112 AZTEC GOLD,R2115MC
Part,4857Q,WILSON COOK,15,6,0.33,$0.00 ,4857,Lexan 121-701 Blk,R2075
Part,4935A,TRW-STEERING,14,26,0.5,$0.00 ,4935,DELRIN 500P NC010 NAT.,R1510
Part,4993A,GATES,16,49,0.5,$0.00 ,4993,DELRIN 500TL NAT.,R1525
Part,4993B,GATES KOREA,16,37,0.5,$0.00 ,4993,LUBRILOY RL NAT.,R1395
Part,5075A,LEAR,20,7.77,1,$0.00 ,5075,CYCOLAC EPB-3570 GRAY,R1910
Part,5115A,TRW-AEN,18,14,0.5,$0.00 ,5115,NORYL GTX 910-701 BLK,R2270
Part,5134A,TRW-AEN,22,23,0.5,$0.00 ,5134,MINLON 10B40 BLK,R1605
Part,5162A,GATES,15,15.99,0.5,$0.00 ,5162,LUBRILOY PDX-R-85514 NAT.,R1400
Part,5186A,TRW-AE,11,9.33,0.5,$0.00 ,5186,DELRIN 100 AF NAT.,R1527
Part,5187A,TRW-AE,12,16,0.5,$0.00 ,5187,ZYTEL 70G13 HSIL BLK,R1655
Part,5242A,TRW-AE,20,27,0.5,$0.00 ,5242,CELCON M90 BLK,R1885
Part,5243A,TRW-AE,25,12,0.5,$0.00 ,5243,ZYTEL 77G33L BLK,R1710
Part,5244A,TRW-AE,13,17,0.5,$0.00 ,5244,ZYTEL 77G43 L BLK,R1715
Part,5248A,ACCURATE,14,11,0.5,$0.00 ,5248,WELLAMID NY 1599 BLK,R2780
Part,5253A,TRW-AE,13,4,0.5,$0.00 ,5253,DELRIN 500T DYED WHITE,R1510MA
Part,5255A,GATES,22,76,0.5,$0.00 ,5255,LUBRILOY RL NAT.,R1395
Part,5255B,GATES,22,88,0.5,$0.00 ,5255,ZYTEL 103 HSIL BLK,R1640
Part,5262A,PED,15,23,0.5,$0.00 ,5262,CYCOLOY EHA-4051 BLK,R2025
Part,5262B,PED,15,23,0.5,$0.00 ,,CYCOLOY EHA-4051 BLK,R2025
Family,5262C,PED,15,23,0.5,$0.00 ,,CYCOLOY EHA-4051 BLK,R2025
Part,5281A,TRW-AE,16,10,0.5,$0.00 ,5281,ZYTEL 70G13 HSIL NAT.,R1660
Part,5282A,TRW-AEN,22,37,0.5,$0.00 ,5282,FERRO PH 71351 GRAY,R1245
Part,5284A,ROSS,25,16,1,$0.00 ,5284,FERRO NPEOONQOROR (ORANGE),R1006
Part,5335A,YAZAKI,42,657,0.5,$0.00 ,5335,VALOX 430 BK1066,R1250
Part,5361A,TRW-STEERING,13,19.061,0.5,$0.00 ,5361,AVPGY601 CP1000R NAT.,R1825
Part,5370A,LEAR-ZAINESVILLE,42,153.74,1,$0.00 ,5370,LEXAN 141-701 BLK,R2130
Part,5371A,TRW-AEN,20,24.16,0.5,$0.00 ,5371,NORYL GTX 902 70697 BLK,R2736MA
Part,5371B,TRW-AEN,20,24.16,0.5,$0.00 ,5371,NORYL GTX 902 70697 BLK,R2736MA
Part,5371C,TRW-AEN,20,24.16,0.5,$0.00 ,5371,NORYL GTX 902 70697 BLK,R2736MA
Part,5371D,TRW-AEN,20,24.16,0.5,$0.00 ,5371,NORYL GTX 902 70697 BLK,R2736MA
Part,5371E,TRW-AEN,20,24.16,0.5,$0.00 ,5371,NORYL GTX 902 70697 BLK,R2736MA
Part,5371F,TRW-AEN,20,24.16,0.5,$0.00 ,5371,NORYL GTX 902 70697 BLK,R2736MA
Part,5412A,PED,20,45,0.5,$0.00 ,5412,PROFAX 7624 DYED RED,R1255MA
Part,5499A,TRW-AEN,17,25,0.5,$0.00 ,5499,VALOX DR51 BK1066,R2520
Part,5500AWIP,TRW-AEN,16,11,1,$0.00 ,5500,Cycolac GDT2510-4051,R1920
Part,5501AWIP,TRW-AEN,30,44,1,$0.00 ,5501,Cycolac GDT2510-4051,R1920
Part,5502A,TRW-AEN,18,50,0.5,$0.00 ,5502,VALOX DR51 BK1066,R2520
Part,5503A,TRW-AEN,18,122,0.5,$0.00 ,5503,VALOX DR51 BK1066,R2520
Part,5537A,TRW-AE,12,9,0.5,$0.00 ,5537,CELCON M90 NAT.,R1890
Part,5538A,TRW-AE,15,30,0.5,$0.00 ,5538,DELRIN 500T BK602 BLK,R1515
Part,5539A,TRW-AE,13,12,0.33,$0.00 ,5539,ZYTEL 101L BLK,R1630
Part,5540A,TRW-AE,17,15.81,0.33,$0.00 ,5540,ZYTEL 101L BLK,R1630
Part,5553A,TRW-AE,29,68,0.5,$0.00 ,5553,WELLAMID NY1615 BLK,R2785
Part,5554A,TRW-AE,13,11,0.33,$0.00 ,5554,ZYTEL 70G13 HSIL NAT.,R1660
Part,5595A,TRW-AEN,25,21,1,$0.00 ,5595,CYCOLAC GDT2510-4051 BLK,R1920
Part,5596A,TRW-AEN,20,24,0.5,$0.00 ,5596,ZYTEL 70G13 HSIL BLK,R1655
Part,5596B,TRW-AEN,20,24,0.5,$0.00 ,,ZYTEL 70G13 HSIL BLK,R1655
Part,5596C,TRW-AEN,20,24,0.5,$0.00 ,,ZYTEL 70G13 HSILBLK,R1655
Part,5630A,YAZAKI,32,160,0.33,$0.00 ,5630,NORYL PXO 844-701 BLK,R2290
Part,5649A,PRESTOLITE,20,58,0.5,$0.00 ,5649,ZYTEL 408 HS BLK,R1650
Part,5734A,GATES,47,33,0.5,$0.00 ,5734,DELRIN 500T BK602 BLK,R1515
Part,5735A,GATES,35,45,1,$0.00 ,5735,Verton RF7007EM HS BK9001,R1433
Part,5756A,WILSON COOK,25,22,1,$0.00 ,5756,Cycolac MG47-NA1000 Nat Dyed Silver,R2947MA
Part,5757AWIP,WILSON COOK,30,38,0.5,$0.00 ,5757,Wellamid MRGF 25/15 22H NBK1,R2775
Part,5758A,WILSON COOK,14,16,0.33,$0.00 ,5758,WELLAMID 25/15 22H BK1 BLK,R2775
Part,5771A,TRW-AEN,15,15.4,1,$0.00 ,5771,NORYL GTX902-70697 BLK,R2736MA
Part,5801A,GATES KOREA,20,26,0.5,$0.00 ,5801,LUBRILOY RL NAT.,R1395
Part,5802A,GATES KOREA,16,19,0.5,$0.00 ,5802,WELLAMID GF60-66/6 X-EN NAT.,R2770
Part,5803A,GATES KOREA,25,26,0.5,$0.00 ,5803,LUBRILOY PDX R-85514 NAT.,R1400
Part,5880A,GATES,20,25,0.5,$0.00 ,5880,LUBRILOY RL NAT.,R1395
Part,5884A,YAZAKI,17,42,0.33,$0.00 ,5884,Rhetech T10P250-00 Nat,R2371
Part,5908A,WILSON COOK,23,14.4,1,$0.00 ,5908,LEXAN 121P WH1164 WHITE,R2100
Part,5908B,WILSON COOK,23,15,1,$0.00 ,5908,LEXAN 121R AZTEC GOLD,R2115MC
Part,5910A,TRW-STEERING,23,28,0.5,$0.00 ,5910,POLYPUR FPU 1109-01 NAT.,R1030
Part,5923A,TRW-AEN,34,208,1,$0.00 ,5923,RHETECH  T20P100-01 BLK,R2370
Part,5923B,TRW-AEN,34,208,1,$0.00 ,5923,RHETECH T10250-00 NAT.,R2371
Part,5923C,TRW-AEN,34,172,1,$0.00 ,,RHETECH T10250-00 NAT.,R2371
Part,5928A,TRW-STEERING,37,163.17,1,$0.00 ,5928,SANTOPRENE 101-87 BLK,R1351
Part,5929AWIP,TRW-AE,25,44,0.5,$0.00 ,5929,Cycoloy LG9000-796 Graphite,R1810
Part,5931A,TRW-STEERING,45,146,1,$0.00 ,5931,SANTOPRENE 101-80 BLK,R1295
Part,5971B,ASC,16,8,0.5,$0.00 ,5971,Delrin 500P BK 602,R1500
Part,5990A,GM ONSTAR,30,32,0.5,$0.00 ,5990,CYCOLOY LG8002-701 BLK,R2030
Part,5991A,GM ONSTAR,30,32,0.5,$0.00 ,5991,CYCOLOY LG8002-701 BLK,R2030
Part,5992A,TRW-AEN,15,6,0.5,$0.00 ,5992,WELLAMID GF 13/66 XE-N BK1,R2760
Part,5992B,TRW-AEN,15,6,0.5,$0.00 ,5992,WELLAMID GF13/66 XE-N NAT.,R2762
Part,5992C,TRW-AEN,15,6,0.5,$0.00 ,5992,WELLAMID GF13/66 XE-N NAT.,R2762
Part,5993A,YAZAKI,29,82,0.33,$0.00 ,5993,ATC ZS 638 NAT.,R1085
Part,6005A,YAZAKI,22,79,0.33,$0.00 ,6005,ATC ZS638 NAT.,R1085
Part,6007A,TRW-AEN,23,95,0.5,$0.00 ,6007,NORYL PXO 844-701 BLK,R2290
Part,6008A,TRW-AEN,30,65,0.5,$0.00 ,6008,NORYL PXO-844-701 BLK,R2290
Part,6012A,GM ONSTAR,45,68,0.5,$0.00 ,6012,POLYFORT FPP-1006-31 BLK,R1010
Part,6013A,PRESTOLITE,20,43,1,$0.00 ,6013,VALOX 420 BK1066,R2475
Part,6013B,PRESTOLITE,20,43,1,$0.00 ,6013,VALOX 420 BK1066,R2475
Part,6013C,PRESTOLITE,20,43,1,$0.00 ,6013,VALOX 420 BK1066,R2475
Part,6014B,ASC,23,54,0.5,$0.00 ,6014,CYCOLAC Z48-4051 BLK,R1970
Part,6014C,ASC,23,54,0.5,$0.00 ,6014,Cycolac Z48-4051 Blk,R1970
Part,6042A,YAZAKI,25,44.32,0.33,$0.00 ,6042,NORYL GTX 9400W NAT.,R2266
Part,6050A,YAZAKI,34,132,0.33,$0.00 ,6050,ATC CG720 NAT.,R1080
Part,6126AWIP,TRW-AEN,18,10,0.5,$0.00 ,6126,Lexan 141P-GY6299T,R2145
Part,6126B,TRW-AEN,18,11,0.5,$0.00 ,,LEXAN 141P-PGY6299T BLK,R2145
Part,6127A,TRW-AEN,22,30.53,0.25,$0.00 ,6127,LUBRICOMP RFL-4216 NAT.,R1440
Part,6128AWIP,TRW-AEN,28,62,1,$0.00 ,6128,Cycolac MG38-BK4051,R2914
Part,6128BWIP,TRW-AEN,28,62,1,$0.00 ,6128,Cycolac MG38-BK4051,R2914
Part,6129AWIP,TRW-AEN,30,58,1,$0.00 ,6129,Cycolac MG38-BK4051,R2914
Part,6129BWIP,TRW-AEN,30,58,1,$0.00 ,6129,Cycolac MG38-BK4051,R2914
Part,6149A,PRESTOLITE,25,49,1,$0.00 ,6149,ZYTEL 408 HS BLK,R1650
Part,6149B,PRESTOLITE,25,49,1,$0.00 ,6149,ZYTEL 408 HS BLK,R1650
Part,6149C,PRESTOLITE,25,49,1,$0.00 ,6149,ZYTEL 408 HS BLK,R1650
Part,6154A,TRW-AEN,18,4,0.5,$0.00 ,6154,CYCOLAC X-11-4051 BLK,R1955
Part,6157A,TRW-AE,25,33,0.5,$0.00 ,6157,Zytel 70G13L BKB297 Ebony,R2981
Part,6157B,TRW-AE,25,33,0.5,$0.00 ,6157,Zytel 70G13L BKB297 Ebony,R2981
Part,6158A,TRW-AE,21,27,0.5,$0.00 ,6158,Zytel 70G13L Dyed Black,R1665MA
Part,6158B,TRW-AE,21,27,0.5,$0.00 ,6158,Zytel 70G13L Dyed Black,R1665MA
Part,6168AWIP,TRW-AEN,18,5,0.5,$0.00 ,6168,Lexan 141P-GY6299T,R2145
Part,6174A,TRW-AEN,21,26,0.5,$0.00 ,6174,VALOX 420 BK1066,R2475
Part,6175A,TRW-AEN,20,14,0.5,$0.00 ,6175,ZYTEL 70G13 HSIL BLK,R1655
Part,6176A,TRW-AEN,18,13,0.5,$0.00 ,6176,LUBRICOMP RFL-4216 HS NAT,R1425
Part,6211A,TRW-AEN,26,20,0.5,$0.00 ,6211,CYCOLOY LG8002-3004 GRAY,R2040
Part,6211B,TRW-AEN,26,20,0.5,$0.00 ,6211,CYCOLOY LG8002-3004 GRAY,R2040
Part,6211C,TRW-AEN,26,20,0.5,$0.00 ,6211,CYCOLOY LG8002-3004 GRAY,R2040
Part,6237B,PED,28,10,0.5,$0.00 ,,LEXAN 141-701 BLK,R2130
Part,6237C,PED,28,10,0.5,$0.00 ,,LEXAN 141-701 BLK,R2130
Part,6240A,TRW-AEN,25,50,1,$0.00 ,6240,CYCOLAC AR-4051 BLK,R1895
Part,6255A,POLLAK,24,6,0.5,$0.00 ,6255,CELANEX 1503-2 BLK,R1840
Part,6274AWIP,TRW-AEN,18,7,0.5,$0.00 ,6274,Lexan 141P-GY6299T,R2145
Part,6275AWIP,TRW-AEN,25,46,1,$0.00 ,6275,Cycolac MG38-BK4051,R2914
Part,6275BWIP,TRW-AEN,25,46,1,$0.00 ,6275,Cycolac MG38-BK4051,R2914
Part,6315AWIP,TRW-AEN,18,14,0.5,$0.00 ,6315,Lexan 141P-GY6299T,R2145
Part,6373A,TRW-AEN,21,4,0.5,$0.00 ,6373,ZYTEL 72G13 HSIL BK 192,R1700
Part,6387A,WILSON COOK,40,22,1,$0.00 ,6387,LEXAN 121-701 BLK,R2075
Part,6387B,WILSON COOK,53,22,0.5,$0.00 ,6387,LEXAN 121P-WH1164 WHITE,R2100
Part,6387C,WILSON COOK,40,22,1,$0.00 ,,LEXAN 121-701 BLK,R2075
Part,6387D,WILSON COOK,53,22,0.5,$0.00 ,6387,LEXAN 121P-WH1164 WHITE,R2100
Part,6387E,WILSON COOK,40,22,1,$0.00 ,,LEXAN 121P-GN4183 GREEN,R2086
Part,6387F,WILSON COOK,40,22,1,$0.00 ,,LEXAN 121P-GN4183 GREEN,R2086
Part,6387G,WILSON COOK,53,22,0.5,$0.00 ,6387,LEXAN 121R-112  AZTEC GOLD,R2115MC
Part,6387H,WILSON COOK,53,0,0.5,$0.00 ,6387,LEXAN 121R-112  AZTEC GOLD,R2115MC
Part,6400A,TRW-AEN,22,100,0.33,$0.00 ,6400,NYLATRON GS-HS1/855 BLK,R2326
Part,6401A,TRW-AEN,18,15,0.33,$0.00 ,6401,DELRIN 500P-BK 602 BLK,R1500
Part,6402A,TRW-AEN,20,40,0.33,$0.00 ,6402,WELLAMID GF 13/66 XE-N BK1,R2760
Part,6402B,TRW-AEN,20,40,0.33,$0.00 ,6402,Wellamid GF13/66 XE-N Bk1,R2760
Part,6404B,TRW-AEN,23,33.3,0.25,$0.00 ,6404,WELLAMID GF33/66 XE-N BK1,R2761
Part,6405D,TRW-AEN,25,103.8,0.33,$0.00 ,6405,Wellamid GF13/66 XE-N Bk1,R2760
Part,6406A,TRW-AEN,25,122.3,0.33,$0.00 ,6406,NYLATRON GS/HS 1855 BK1,R2326
Part,6407A,TRW-AEN,34,265,0.33,$0.00 ,6407,WELLAMID GF 13/66 XE-N BK1,R2760
Part,6407B,TRW-AEN,34,265,0.33,$0.00 ,6407,WELLAMID GF 13/66 XE-N BK1,R2760
Part,6430A,ASC,20,18,0.5,$0.00 ,6430,ZYTEL 101L BLK,R1630
Part,6439A,TRW-AEN,18,7.5,0.33,$0.00 ,6439,DELRIN 900P BK602 BLK,R1535
Part,6440A,TRW-AEN,30,82,0.33,$0.00 ,6440,LEXAN 121-112 CLEAR,R2117
Part,6442A,PED,19,12,0.5,$0.00 ,6442,CYCOLAC X-17-4051 BLK,R1965
Part,6465A,TRW-AEN,20,13,0.5,$0.00 ,6465,LUBRICOMP RFL-4216 HS NAT,R1425
Part,6466A,TRW-AEN,25,13,0.5,$0.00 ,6466,ZYTEL 70G13 HSIL BLK,R1655
Part,6467A,TRW-AEN,21,25,0.5,$0.00 ,6467,VALOX 420 BK1066,R2475
Part,6469A,GM ONSTAR,38,280,1,$0.00 ,6469,V500-MI-15 BLK,R2535
Part,6472A,MICH. IND. SER.,26,37,0.33,$0.00 ,6472,LEXAN 141-701 BLK,R2130
Part,6494A,TRW-AEN,20,5,0.5,$0.00 ,6494,CYCOLAC AR-4051 BLK,R1895
Part,6495A,TRW-AEN,22,13,0.5,$0.00 ,6495,ZYTEL 70G13 HSIL BLK,R1655
Part,6497A,GM ONSTAR,28,35,0.5,$0.00 ,6497,NORYL PXO 844-701 BLK,R2290
Part,6498A,GM ONSTAR,28,45,0.5,$0.00 ,6498,NORYL PXO 844-701 BLK,R2290
Part,6500A,GM ONSTAR,27,26,0.5,$0.00 ,6500,LEXAN 141-701 BLK,R2130
Part,6501A,GM ONSTAR,26,9,1,$0.00 ,6501,LEXAN 141-701 BLK,R2130
Part,6502A,GM ONSTAR,23,14,0.5,$0.00 ,6502,LEXAN 141-701 BLK,R2130
Part,6509A,ASC,25,53,0.5,$0.00 ,6509,DELRIN 527 BLK,R1526
Part,6509B,ASC,25,53,1,$0.00 ,6509,DELRIN 527 BLK,R1526
Part,6509C,ASC,25,53,1,$0.00 ,6509,DELRIN 527 BLK,R1526
Part,6512A,GATES,42,303,1,$0.00 ,6512,VERTON RF-7007 EM HS BLK,R1433
Part,6512B,GATES,42,303,1,$0.00 ,,VERTON RF-7007 EM HS BLK,R1433
Part,6512C,GATES,38,0,1,$0.00 ,6512,VERTON RF-007 EM HS BLK,R1433
Part,6513A,GATES,40,296.7,1,$0.00 ,6513,VERTON RF-7007 EM HS BLK,R1433
Part,6513B,GATES,40,296.7,1,$0.00 ,6513,VERTON RF-7007 EM HS BLK,R1433
Part,6514A,GATES,40,239,1,$0.00 ,6514,VERTON RF-7007 EM HS BLK,R1433
Part,6548AWIP,TRW-AE,40,64,1,$0.00 ,6548,Zytel 70G13L BKB297 Ebony,R2981
Part,6548BWIP,TRW-AE,40,64,1,$0.00 ,6548,Zytel 70G13L BKB297 Ebony,R2981
Part,6548CWIP,TRW-AE,40,64,1,$0.00 ,6548,BP 70G13 7701,R2803
Part,6549A,TRW-AE,40,50.52,1,$0.00 ,6549,LEXAN 121R-112 CLEAR,R2115
Part,6549B,TRW-AE,47,50.52,1,$0.00 ,6549,LEXAN 121R-112 CLEAR,R2115
Part,6549C,TRW-AE,47,50.52,1,$0.00 ,6549,LEXAN 121R-112 CLEAR,R2115
Part,6550A,TRW-AE,25,20,0.5,$0.00 ,6550,CYCOLOY LG9000-701 BLK,R2045
Part,6551AWIP,TRW-AE,36,74.17,1,$0.00 ,6551,Clariant PA113G13BK-67 167A Ebony,R1621
Part,6551BWIP,TRW-AE,36,71.1,1,$0.00 ,6551,Clariant PA113G13BK-67 167A Ebony,R1621
Part,6563A,GATES,40,343,1,$0.00 ,6563,VERTON RF-7007 EM HS BLK,R1433
Part,6567A,GATES,35,45,1,$0.00 ,6567,VERTON RF7007 EM HS KLK,R1433
Part,6575A,BAYER,30,242,1,$0.00 ,6575,LEXAN 121P-WH4193 LT GRAY,R2105
Part,6575B,BAYER,30,121,1,$0.00 ,6575,LEXAN 121P-WH4194 LT GRAY,R2105
Part,6575C,BAYER,30,121,1,$0.00 ,6575,LEXAN 121P-WH4193 LT GRAY,R2105
Part,6576A,BAYER,30,48,0.5,$0.00 ,6576,LEXAN 121P-GN1199 GREEN,R2085
Part,6598A,GATES,38,226,1,$0.00 ,6598,VERTON RF-7007 EM HS BLK,R1433
Part,6599A,ASC,36,179,1,$0.00 ,6599,WELLAMID GF33/66 XE-N BK1,R2761
Part,6599B,ASC,36,179,1,$0.00 ,,WELLAMID GF33/66 XE-N BK1,R2761
Part,6599C,ASC,36,179,1,$0.00 ,,WELLAMID GF33/66 XE-N BK1,R2761
Part,6600B,WILSON COOK,25,14,0.5,$0.00 ,6600,LEXAN 121P-WH1164 WHITE,R2100
Part,6601A,TRW-AE,20,36,0.5,$0.00 ,6601,CELANEX B1403-2 WHITE,R1841
Part,6602A,TRW-AE,32,55,0.5,$0.00 ,6602,ATO-HASS V825 CLR.,R1815
Part,6606A,TRW-AE,19,4,0.5,$0.00 ,6606,CELANEX 1403-2 WHITE,R1856MA
Part,6614A,WILSON COOK,25,14,0.5,$0.00 ,6614,LEXAN 121R-112 CLEAR,R2115
Part,6615A,WILSON COOK,45,28,1,$0.00 ,6615,LEXAN 121P-WH1164 WHITE,R2100
Part,6615B,WILSON COOK,45,28,1,$0.00 ,6615,LEXAN 121P-WH1164 WHITE,R2100
Part,6615C,WILSON COOK,45,28,1,$0.00 ,6615,LEXAN 121P-WH1164 WHITE,R2100
Part,6615D,WILSON COOK,45,0,1,$0.00 ,6615,Lexan 121R-112 Clear Dyed Aztec Gold,R2115MC
Part,6621A,YAZAKI,17,75,0.5,$0.00 ,6621,ATC ZS 638 NAT.,R1085
Part,6622A,BAYER,40,329,1,$0.00 ,6622,LEXAN 121P-GN1199 GREEN,R2085
Part,6623A,BAYER,70,932,1,$0.00 ,6623,LEXAN 121P-WH4193 LT GRAY,R2105
Part,6624B,BAYER,28,96,1,$0.00 ,6624,LEXAN 121P WH4193 LT. GREY,R2105
Part,6625B,BAYER,28,96,1,$0.00 ,6625,LEXAN 121P WH4193 LT. GREY,R2105
Part,6627A,PRESTOLITE,25,47,0.33,$0.00 ,6627,ZYTEL 408 HS BLK,R1650
Part,6628A,PRESTOLITE,25,52,0.33,$0.00 ,6628,ZYTEL 408 HS BLK,R1650
Part,6638A,WILSON COOK,38,38,0.5,$0.00 ,6638,LEXAN 121P-WH1164 WHITE,R2100
Part,6638B,WILSON COOK,38,38,0.5,$0.00 ,,LEXAN 121-701 BLK,R2075
Part,6638C,WILSON COOK,38,38,0.5,$0.00 ,6638,Lexan 121-112 Dyed Aztec Gold,R2117MA
Part,6684A,ASC,22,10,0.5,$0.00 ,6684,TYRIL HDPE 12450N Blk,R1541MA
Part,6684B,ASC,22,10.2,0.5,$0.00 ,,TYRIL HDPE 12450N Blk,R1541MA
Part,"6684C
6684C",ASC,22,10.2,0.5,$0.00 ,,TYRIL HDPE 12450N Blk,R1541MA
Part,6685A,ASC,27,76.8,1,$0.00 ,6685,TYRIL  HDPE 12450N BLK,R1541MA
Part,6685B,ASC,27,76.8,1,$0.00 ,,TYRIL HDPE 12450N BLK,R1541MA
Part,6685C,ASC,27,76.8,1,$0.00 ,,TYRIL HDPE 12450N BLK,R1541MA
Part,6714AWIP,TRW-AEN,46,114.9,1,$0.00 ,6714,Cycolac BDT 6500 DX9,R1971
Part,6722A,TRW-AEN,31,30.2,0.5,$0.00 ,6722,LEXAN 121R-112 CLEAR,R2115
Part,6725A,WILSON COOK,30,14,0.5,$0.00 ,6725,LEXAN 121P-WH1164 WHITE,R2100
Part,6730A,TRW-VSSI,20,51.8,0.333,$0.00 ,6730,ULTRAMID B3WG6 BLK,R1212
Part,6731A,TRW-VSSI,20,52.5,0.33,$0.00 ,6731,ULTRAMID B3WG6 BLK,R1212
Part,6754A,YAZAKI,30,192.2,0.33,$0.00 ,6754,ZYTEL 408 HS BLK,R1650
Part,6755A,TRW-STEERING,20,58,0.33,$0.00 ,6755,WELLAMID GF-1701-N1 NAT.,R2759
Part,6768A,ASC,23,15,1,$0.00 ,6768,GEON B5500-2999B,R2753
Part,6805B,TRW-VSSI,16,13,0.33,$0.00 ,6805,CELCON UV90ZCC33691 MEDIUM GRAPHITE,R1299
Part,6805C,TRW-VSSI,16,13,0.33,$0.00 ,6805,CELCON UV90ZCC33740 MEDIUM DK. GRAPHITE,R1300
Part,6805D,TRW-VSSI,16,13,0.33,$0.00 ,6805,CELCON UV90ZCG33888 MEDIUM DK. DENIM,R1302
Part,6805E,TRW-VSSI,16,13,0.33,$0.00 ,6805,CELCON UV90ZCV34000 MEDIUM PARCHMENT,R1301
Part,6805F,TRW-VSSI,16,13,0.33,$0.00 ,6805,CELCON UV90ZCC34246  MEDIUM FLINT,R1303
Part,6805G,TRW-VSSI,16,13,0.33,$0.00 ,6805,Celcon UV90Z CD3068 Black,R2848
Part,6805H,TRW-VSSI,16,13,0.33,$0.00 ,6805,Celcon UV90ZCV34311 MEDIUM PEBBLE,R2991
Part,6845A,TRW-VSSI,15,46.1,0.33,$0.00 ,6845,THERMOCOMP HSG-P-0320A NAT.,R1039
Part,6845B,TRW-VSSI,15,43.9,0.33,$0.00 ,6845,Wellamid MR17177-N1,R2821
Part,6846A,TRW-VSSI,23,136.8,0.33,$0.00 ,6846,THERMOFIL P630FM-0378 BLK,R2779
Part,6846B,TRW-VSSI,22,136.7,0.33,$0.00 ,6846,THERMOFIL P630FM-0378 BLK,R2779
Part,6847A,TRW-VSSI,20,138,0.25,$0.00 ,6847,THERMOFIL P630FM-0378 BLK,R2779
Part,6870AWIP,TRW-AEN,50,21.8,1,$0.00 ,6870,Magnum 357 HP DX9 Blk,R1373
Part,6871A,TRW-AEN,35,49.2,0.33,$0.00 ,6871,LEXAN 121R-112 CLEAR,R2115
Part,6872A,TRW-VSSI,30,26.4,0.33,$0.00 ,6872,DELRIN 500P-BK 602 BLK,R1500
Part,6887A,TRW-VSSI,18,35.9,0.25,$0.00 ,6887,DELRIN 500P-BK 602 BLK,R1500
Part,6887B,TRW-VSSI,17,35.9,0.25,$0.00 ,6887,DELRIN 500PBK602 BLACK,R1500
Part,6907A,PRESTOLITE,23,86.8,0.33,$0.00 ,6907,Zytel 408 HS BK009,R1650
Part,6927A,TRW-VSSI,22,12.6,0.5,$0.00 ,6927,CELCON M90 NAT.,R1890
Part,6963A,TRW-VSSI,18,0,0.25,$0.00 ,6963,ULTRAMID B3 WM602 BLK,R1218
Part,6985AWIP,TRW-AEN,35,15.6,1,$0.00 ,6985,Magnum 357 HP DX9 Blk,R1373
Part,6986A,TRW-AEN,22,6.8,0.33,$0.00 ,6986,LEXAN 121R-112 CLEAR,R2115
Part,6988A,TRW-AEN,22,27.4,0.5,$0.00 ,6988,WELLAMID GF-13-66 X-EN BLK 1,R2760
Part,6988B,TRW-AEN,22,27.4,0.5,$0.00 ,6988,WELLAMID GF-13-66 X-EN BLK 1,R2760
Part,6988C,TRW-AEN,22,27.4,0.5,$0.00 ,6988,WELLAMID GF-13-66 X-EN BLK 1,R2760
Part,7040A,TRW-VSSI,23,84,0.5,$0.00 ,7040,THERMOFIL P6 30FM0378BK711,R2779
Part,7041A,TRW-VSSI,23,84.3,0.5,$0.00 ,7041,THERMOFIL P6 30FM0378BK711,R2779
Part,7068A,YAZAKI,36,164.8,0.5,$0.00 ,7068,Zytel 103 HSL BKB009,R1640
Part,7090A,TRW-AEN,24,73,0.5,$0.00 ,7090,GF 13/66 XE-N BK1,R2760
Part,7093A,TRW-AEN,24,101,0.5,$0.00 ,7093,WELLAMID GF13/66/XE-N BK1,R2760
Part,7104A,TRW-VSSI,18,13,0.5,$0.00 ,7104A,MRGF 25/15 42H-NBK1,R2795
Part,7114A,PRESTOLITE,18,25.6,0.25,$0.00 ,7114,Wellamid 22LH I6 XE-NBK1,R2757
Part,7116A,PRESTOLITE,45,279.5,1,$0.00 ,7116,Wellamid 22LH I6 XE-NBK1,R2757
Part,7153A,WEBASTO,10,1.7,0.5,$0.00 ,7153,RHETECH T20P100-01 BLK,R2370
Part,7153B,WEBASTO,10,0.85,0.5,$0.00 ,7153,RHETECH T20P100-01 BLK,R2370
Part,7153C,WEBASTO,10,0.85,0.5,$0.00 ,7153,RHETECH T20P100-01 BLK,R2370
Part,7154A,WEBASTO,25,13.9,0.5,$0.00 ,7154,CELCON GB25 BLK,R1869
Part,7154B,WEBASTO,25,6.95,0.5,$0.00 ,7154,CELCON GB25 BLK,R1869
Part,7154C,WEBASTO,25,6.95,0.5,$0.00 ,7154,CELCON GB25 BLK,R1869
Part,7155A,WEBASTO,25,28.5,0.5,$0.00 ,7155,ULTRAMID B3WG6 BLK,R1212
Part,7155B,WEBASTO,25,17.2,0.5,$0.00 ,7155,Ultramid B3WG6 BLK,R1212
Part,7155C,WEBASTO,25,17.2,0.5,$0.00 ,7155,Ultramid B3WG6 BLK,R1212
Part,7173A,TRW-AEN,28,23,1,$0.00 ,7173,DSM J68/20 BLK,R2331
Part,7191A,LEAR-DEARBORN,29,41,1,$0.00 ,7191,ZYTEL 70G33HS1LBK031,R1670
Part,7191B,LEAR-DEARBORN,29,41,1,$0.00 ,7191,ZYTEL 70G33 HS1LBK031,R1670
Part,7191C,LEAR-DEARBORN,29,41,1,$0.00 ,7191,ZYTEL 70G33HS1LBK031,R1670
Part,7192A,LEAR-DEARBORN,26,26,1,$0.00 ,7192,ZYTEL 72G33WBKB-297,R2815
Part,7192B,LEAR-DEARBORN,26,26,1,$0.00 ,7192,ZYTEL 72G33WBKB-297,R2815
Part,7193A,LEAR-DEARBORN,26,26,1,$0.00 ,7193,ZYTEL 72G33WBKB-297,R2815
Part,7209A,TRW-AEN,30,189.8,0.25,$0.00 ,7209,CYCOLOY LG8002-701 BLK,R2030
Part,7210A,TRW-AEN,21,102.7,0.25,$0.00 ,7210,CYCOLOY LG8002-701 BLK,R2030
Part,7246A,WILSON COOK,24,0,1,$0.00 ,7246,CALIBRE 2061-15-850122 WHITE,R1332
Part,7246B,WILSON COOK,24,0,1,$0.00 ,7246,CALIBRE 2061-15-850122 WHITE,R1332
Part,7246C,WILSON COOK,24,0,1,$0.00 ,7246,CALIBRE 2061-15-850122 WHITE,R1332
Part,7249A,WILSON COOK,32,24,0.33,$0.00 ,7249,CALIBRE 2061-15-850122 WHITE,R1332
Part,7250A,WILSON COOK,36,27,0.5,$0.00 ,7250,CALIBRE 2061-15-850122 WHITE,R1332
Part,7255AWIP,WEBASTO,55,570,1,$0.00 ,7255,Rynite RE 5283 BK506,R2927
Part,7265A,GATES,12,8.2,0.5,$0.00 ,7265,LUBRILOY PDX-U-99725 BK8-114,R2838
Part,7295A,ALLEN TELECOM,25,49,0.5,$0.00 ,7295,HYTREL BP4556 40CB BLACK,R2867
Part,7296A,ALLEN TELECOM,30,55,1,$0.00 ,7296,XENOY 2230EU BLACK,R2875
Part,7298A,ALLEN TELECOM,25,18,1,$0.00 ,7298,LEXAN HF1130-701 BLACK,R2868
Part,7299A,ALLEN TELECOM,43,43.4,1,$0.00 ,7299,LEXAN HF1130-701 BLACK,R2868
Part,7301A,ALLEN TELECOM,30,19,0.5,$0.00 ,7301,DOW HDPE 12450N,R1541
Part,7306A,PONTIAC COIL,18,8.7,0.25,$0.00 ,7306,Zytel 70G13 HS1L BK031,R1655
Part,7308A,GATES,21,16,1,$0.00 ,7308,LNP PDX-R-85514,R1400
Part,7313A,WEBASTO,55,250,1,$0.00 ,7313,Rynite RE5060 Blk,R2891
Part,7334A,TRW-AEN,23,31.3,1,$0.00 ,7334,Wellamid GF20-60 XE-NBK1,R2843
Part,7334B,TRW-AEN,23,31.3,1,$0.00 ,7334,Wellamid GF20-60 XE-NBK1,R2843
Part,7334C,TRW-AEN,23,31.3,1,$0.00 ,7334,Wellamid GF20-60 XE-NBK1,R2843
Part,7335A,TRW-AEN,22,33.2,1,$0.00 ,7335,Wellamid GF20-60 XE-NBK1,R2843
Part,7335B,TRW-AEN,22,33.2,1,$0.00 ,7335,Wellamid GF20-60 XE-NBK1,R2843
Part,7335C,TRW-AEN,22,33.2,1,$0.00 ,7335,Wellamid GF20-60 XE-NBK1,R2843
Part,7336D,PREMIER ROOF SYSTEMS,42,48,1,$0.00 ,7336,Dow Tyril HDPE 12450N Nat Dyed Black,R1541MA
Part,7336E,PREMIER ROOF SYSTEMS,42,48,1,$0.00 ,7336,Dow Tyril HDPE 12450N Nat Dyed Black,R1541MA
Part,7336F,PREMIER ROOF SYSTEMS,42,48,1,$0.00 ,7336,Dow Tyril HDPE 12450N Nat Dyed Black,R1541MA
Part,7363A,PREMIER ROOF SYSTEMS,20,16,0.33,$0.00 ,7363,Delrin 500P BK 602,R1500
Part,7365B,PREMIER ROOF SYSTEMS,26,27,0.33,$0.00 ,7365,Ultramid A3K Blk  00464,R1247
Part,7377A,PRESTOLITE,31,112,0.25,$0.00 ,7377,Wellamid 22LH I6 XE-NBK1,R2757
Part,7431A,COLLINS & AIKMAN,20,21,0.25,$0.00 ,7431,HIP 145,R2942
Part,7435A,ALLEN TELECOM,45,33.8,1,$0.00 ,7435,Lexan HF1130-701,R2868
Part,7438A,MILLIPORE,29,40.6,0.25,$0.00 ,7438,Dow Styron 685 DW,R2825
Part,7438B,MILLIPORE,29,40.6,0.25,$0.00 ,7438,Dow Styron 685 DW,R2825
Part,7468A,TRW-AEN,20,30.4,0.33,$0.00 ,7468,Akulon K224-HG6U,R2957
Part,7469A,TRW-AEN,20,120,0.33,$0.00 ,7469,Akulon K224-HG6U,R2957
Part,7526A,ASC,19,0,0.5,$0.00 ,7526,Delrin 500P BK602,R1500
Part,7529A,LM GEAR,45,13.6,1,$0.00 ,7529,Delrin 500P NC010,R1510
Part,7532A,ASC,17,0,0.5,$0.00 ,7532,Wellamid GF13/66 XE-N Bk1,R2760
Part,7534A,ASC,15,0,0.5,$0.00 ,7534,Hytrel 5555HS NC010 Nat Dyed Black,R2853MA
Part,7535A,ASC,17,0,0.5,$0.00 ,7535,Hytrel 5555HS NC010 Nat Dyed Black,R2853MA
Part,7536A,ASC,36,0,1,$0.00 ,7536,Sequel 2330TP Nat Dyed Black,R2968MA
Part,7536B,ASC,36,0,1,$0.00 ,7536,Sequel 2330TP Nat Dyed Black,R2968MA
Part,7536C,ASC,36,0,1,$0.00 ,7536,Sequel 2330TP Nat Dyed Black,R2968MA
Part,7537A,ASC,40,0,1,$0.00 ,7537,Wellamid MRGF 25/15 42H-BK167A,R3007
Part,7537B,ASC,40,0,1,$0.00 ,7537,Wellamid MRGF 25/15 42H-BK167A,R3007
Part,7537C,ASC,40,0,1,$0.00 ,7537,Wellamid MRGF 25/15 42H-BK167A,R3007
Part,7538A,ASC,18,0,1,$0.00 ,7538,Wellamid MRGF 25/15 42H-BK167A,R3007
Part,7538B,ASC,18,0,1,$0.00 ,7538,Wellamid MRGF 25/15 42H-BK167A,R3007
Part,7538C,ASC,18,0,1,$0.00 ,7538,Wellamid MRGF 25/15 42H-BK167A,R3007
Part,7540A,ASC,35,100,1,$0.00 ,7540,Sequel 2330TP Nat Dyed Black,R2968MA
Part,7540B,ASC,35,50,1,$0.00 ,7540,Sequel 2330TP Nat Dyed Black,R2968MA
Part,7540C,ASC,35,50,1,$0.00 ,7540,Sequel 2330TP Nat Dyed Black,R2968MA
